"","college_name","act_lower_quartile","act_upper_quartile","sat_lower_quartile","sat_upper_quartile"
"1","Abilene Christian University","21","27","1010","1230"
"2","Abraham Baldwin Agricultural College","17","22","900","1130"
"3","Adams State College","17","22","930","1130"
"4","Adelphi University","22","27","1090","1280"
"5","Adrian College","19","24","920","1090"
"6","Alabama A & M University","16","19","840","1020"
"7","Alabama State University","15","19","820","1000"
"8","Albany College of Pharmacy and Health Sciences","23","27","1120","1310"
"9","Albany State University","17","20","920","1060"
"10","Albion College","20","26","960","1280"
"11","Alcorn State University","16","21","890","1100"
"12","Alderson Broaddus College","18","23","950","1110"
"13","Alfred University","20","26","990","1210"
"14","Alice Lloyd College","18","25","990","1200"
"15","Alma College","21","26","960","1250"
"16","Alvernia University","19","23","960","1160"
"17","American International College","16","22","850","1070"
"18","American University","26","31","1220","1400"
"19","Amherst College","31","34","1420","1570"
"20","Anderson University","19","25","990","1180"
"21","Anderson University","19","25","1010","1210"
"22","Anderson University","21","26","990","1180"
"23","Anderson University","21","26","1010","1210"
"24","Andrews University","21","29","1010","1330"
"25","Angelo State University","18","24","950","1130"
"26","Appalachian Bible College","17","20","940","1050"
"27","Appalachian State University","23","27","1110","1310"
"28","Aquinas College","21","28","1100","1370"
"29","Aquinas College","21","26","1100","1370"
"30","Arcadia University","23","28","1080","1280"
"31","Arizona Christian University","18","22","940","1160"
"32","Arizona State University","22","28","1100","1340"
"33","Arkansas State University Main Campus","21","26","1010","1270"
"34","Armstrong State University","19","23","970","1150"
"35","Asbury University","21","28","1080","1310"
"36","Ashland University","20","25","1040","1240"
"37","Auburn University","24","30","1130","1320"
"38","Auburn University at Montgomery","19","24","960","1080"
"39","Augsburg College","19","25","990","1270"
"40","Augusta State University","18","22","960","1150"
"41","Augustana College","23","29","1010","1300"
"42","Aurora University","19","24","930","1130"
"43","Austin College","23","29","1160","1380"
"44","Austin Peay State University","19","24","1010","1190"
"45","Ave Maria University","21","27","1050","1300"
"46","Averett University","16","21","890","1090"
"47","Avila University","19","23","960","1100"
"48","Azusa Pacific University","20","26","980","1200"
"49","Babson College","27","31","1240","1420"
"50","Bacone College","15","19","830","1000"
"51","Baker University","20","25","1050","1260"
"52","Ball State University","20","24","1070","1240"
"53","Barnard College","29","33","1330","1510"
"54","Barry University","18","21","930","1090"
"55","Barton College","17","23","930","1120"
"56","Bay Path College","19","25","920","1140"
"57","Baylor University","26","30","1190","1370"
"58","Becker College","21","26","1000","1200"
"59","Bellarmine University","22","27","1060","1230"
"60","Belmont Abbey College","18","24","960","1160"
"61","Belmont University","24","29","1120","1310"
"62","Beloit College","24","30","1130","1420"
"63","Benedictine College","21","28","970","1300"
"64","Bentley University","25","30","1130","1350"
"65","Berry College","24","29","1130","1310"
"66","Bethany College","18","23","930","1100"
"67","Bethany College","18","23","850","1080"
"68","Bethany College","17","23","930","1100"
"69","Bethany College","17","23","850","1080"
"70","Bethany Lutheran College","20","27","960","1210"
"71","Bethel College Mishawaka","20","25","990","1220"
"72","Bethel University","17","22","1070","1330"
"73","Bethel University","17","22","870","1130"
"74","Bethel University","21","28","1070","1330"
"75","Bethel University","21","28","870","1130"
"76","Biola University","21","27","1030","1290"
"77","Birmingham Southern College","23","28","1070","1250"
"78","Black Hills State University","19","24","960","1170"
"79","Blackburn College","18","23","870","970"
"80","Bloomfield College","16","20","860","1030"
"81","Bloomsburg University of Pennsylvania","18","23","950","1140"
"82","Blue Mountain College","18","23","980","1270"
"83","Bluefield College","17","21","870","1090"
"84","Bluefield State College","17","22","950","1140"
"85","Bob Jones University","20","26","980","1280"
"86","Boise Bible College","17","24","1000","1210"
"87","Boise State University","20","26","1000","1220"
"88","Boston Baptist College","13","19","1030","1170"
"89","Boston College","30","33","1320","1500"
"90","Boston University","28","32","1290","1470"
"91","Bowie State University","15","19","860","1020"
"92","Bowling Green State University Main Campus","19","24","980","1220"
"93","Bradley University","22","28","1040","1310"
"94","Brandeis University","29","33","1330","1510"
"95","Brenau University","19","24","940","1110"
"96","Brescia University","20","26","940","1120"
"97","Bridgewater College","20","26","990","1180"
"98","Bridgewater State University","19","24","970","1160"
"99","Brigham Young University Hawaii","22","26","1050","1230"
"100","Brigham Young University Idaho","20","25","980","1180"
"101","Brigham Young University Provo","27","31","1230","1430"
"102","Brown University","31","34","1420","1580"
"103","Bryan College","21","26","1030","1410"
"104","Bryn Athyn College of the New Church","18","23","870","1180"
"105","Bryn Mawr College","28","32","1290","1490"
"106","Bucknell University","28","32","1270","1430"
"107","Buena Vista University","19","26","920","1080"
"108","Butler University","25","30","1130","1330"
"109","Cabarrus College of Health Sciences","20","24","950","1090"
"110","Cabrini College","19","23","960","1130"
"111","Caldwell College","18","23","930","1140"
"112","California Baptist University","19","24","930","1170"
"113","California Institute of Technology","34","36","1540","1600"
"114","California Lutheran University","22","27","1070","1270"
"115","California Polytechnic State University San Luis Obispo","26","31","1220","1420"
"116","California State Polytechnic University Pomona","20","27","980","1230"
"117","California State University Chico","19","24","960","1170"
"118","California State University Fresno","16","22","880","1090"
"119","California State University Fullerton","19","24","1000","1190"
"120","California State University Long Beach","20","26","1010","1230"
"121","California State University Los Angeles","15","20","860","1060"
"122","California State University Northridge","16","23","880","1110"
"123","California State University Sacramento","17","22","910","1130"
"124","California State University San Bernardino","16","20","860","1060"
"125","California State University San Marcos","18","23","940","1130"
"126","California University of Pennsylvania","16","22","890","1110"
"127","Calvary Bible College and Theological Seminary","20","25","800","980"
"128","Calvin College","23","29","1130","1350"
"129","Campbell University","19","25","1000","1200"
"130","Campbellsville University","19","24","960","1160"
"131","Canisius College","22","28","1050","1260"
"132","Capital University","22","28","1030","1250"
"133","Capitol College","19","26","940","1230"
"134","Cardinal Stritch University","18","22","1010","1150"
"135","Carleton College","30","33","1380","1560"
"136","Carlow University","19","24","950","1140"
"137","Carnegie Mellon University","31","34","1430","1560"
"138","Carroll College","22","28","1070","1290"
"139","Carroll University","21","26","1020","1220"
"140","Carson Newman College","20","26","920","1190"
"141","Carthage College","21","27","1000","1210"
"142","Case Western Reserve University","30","34","1340","1520"
"143","Castleton State College","17","24","940","1140"
"144","Catawba College","18","24","930","1160"
"145","Cazenovia College","20","23","920","1160"
"146","Cedar Crest College","19","24","960","1160"
"147","Cedarville University","23","29","1150","1370"
"148","Centenary College","15","21","910","1130"
"149","Centenary College of Louisiana","22","28","1020","1240"
"150","Central Baptist College","19","25","890","1050"
"151","Central Bible College","19","24","1120","1350"
"152","Central Christian College of Kansas","17","22","900","1070"
"153","Central Christian College of the Bible","18","25","1010","1380"
"154","Central College","21","26","1030","1350"
"155","Central Connecticut State University","19","24","980","1170"
"156","Central Methodist University College of Liberal Arts & Sciences","20","24","920","1070"
"157","Central Michigan University","20","25","970","1210"
"158","Central Penn College","13","17","750","990"
"159","Central State University","15","18","770","940"
"160","Central Washington University","18","24","1040","1220"
"161","Centre College","26","31","1150","1400"
"162","Chaminade University of Honolulu","19","23","950","1130"
"163","Champlain College","22","28","1100","1310"
"164","Chapman University","25","30","1180","1360"
"165","Charleston Southern University","20","24","990","1180"
"166","Chestnut Hill College","17","21","930","1140"
"167","Chicago State University","16","20","940","1340"
"168","Chowan University","14","17","810","970"
"169","Christopher Newport University","23","28","1130","1310"
"170","Cincinnati Christian University","18","22","860","1140"
"171","Citadel Military College of South Carolina","20","25","1030","1230"
"172","Claflin University","18","20","910","1030"
"173","Claremont McKenna College","31","33","1380","1520"
"174","Clarion University of Pennsylvania","17","23","920","1120"
"175","Clark Atlanta University","18","21","900","1050"
"176","Clarke University","20","25","930","1130"
"177","Clarkson University","24","29","1150","1340"
"178","Clemson University","26","31","1220","1400"
"179","Cleveland Institute of Art","20","26","1090","1290"
"180","Cleveland State University","19","25","970","1230"
"181","Coastal Carolina University","20","25","1010","1160"
"182","Coe College","22","28","1100","1330"
"183","Coker College","18","22","950","1140"
"184","Colby College","30","33","1330","1500"
"185","Colgate University","30","33","1350","1500"
"186","College of Charleston","22","27","1080","1260"
"187","College of Coastal Georgia","16","21","880","1080"
"188","College of Mount Saint Vincent","17","22","860","1060"
"189","College of Mount St. Joseph","19","24","970","1210"
"190","College of Our Lady of the Elms","19","23","920","1130"
"191","College of Saint Benedict","22","28","960","1200"
"192","College of Saint Elizabeth","17","20","810","1010"
"193","College of the Ozarks","21","25","1100","1230"
"194","College of William and Mary","28","33","1310","1510"
"195","Colorado Mesa University","18","24","960","1160"
"196","Colorado School of Mines","29","32","1310","1470"
"197","Colorado State University Fort Collins","23","28","1100","1310"
"198","Colorado State University Pueblo","18","23","950","1130"
"199","Columbia College","18","24","920","1130"
"200","Columbia International University","20","26","1010","1270"
"201","Columbia University in the City of New York","32","35","1460","1590"
"202","Columbus State University","17","23","940","1160"
"203","Concord University","18","23","950","1160"
"204","Concordia College New York","17","25","910","1090"
"205","Concordia University Chicago","19","24","1010","1180"
"206","Concordia University Irvine","20","26","990","1230"
"207","Concordia University Portland","18","23","980","1170"
"208","Concordia University Seward","20","27","970","1180"
"209","Concordia University Texas","18","24","960","1150"
"210","Converse College","20","26","980","1210"
"211","Coppin State University","15","18","850","990"
"212","Corban University","20","26","1030","1240"
"213","Cornell College","23","29","1060","1340"
"214","Cornell University","31","34","1390","1550"
"215","Cornerstone University","18","25","950","1200"
"216","Cottey College","21","26","910","1200"
"217","Covenant College","24","29","1130","1360"
"218","Creighton University","24","30","1130","1340"
"219","Crown College","19","25","840","1100"
"220","Culver Stockton College","18","23","930","1080"
"221","Cumberland University","19","23","910","1110"
"222","Curry College","18","23","920","1120"
"223","D'Youville College","16","23","980","1160"
"224","Dakota State University","19","25","940","1230"
"225","Dakota Wesleyan University","19","24","880","1090"
"226","Dallas Baptist University","19","25","1110","1260"
"227","Dallas Christian College","15","22","800","1140"
"228","Dartmouth College","30","34","1410","1570"
"229","Davidson College","28","33","1310","1480"
"230","Davis & Elkins College","17","23","940","1130"
"231","Defiance College","18","23","870","1090"
"232","Delaware State University","17","21","900","1050"
"233","Delaware Valley University","18","26","950","1160"
"234","Delta State University","19","25","990","1150"
"235","Denison University","28","32","1260","1430"
"236","DePauw University","24","29","1120","1340"
"237","DeSales University","22","27","1020","1250"
"238","Dickinson State University","18","31","930","1270"
"239","DigiPen Institute of Technology","26","31","1160","1400"
"240","Dillard University","18","21","900","1130"
"241","Doane University","21","26","1010","1180"
"242","Dominican College of Blauvelt","17","21","880","1050"
"243","Dominican University","20","25","990","1270"
"244","Dominican University of California","21","25","1000","1190"
"245","Dordt College","22","27","1000","1270"
"246","Drake University","25","30","1130","1400"
"247","Drexel University","25","30","1150","1360"
"248","Drury University","22","28","1090","1290"
"249","Duke University","31","34","1430","1580"
"250","Duquesne University","24","29","1130","1300"
"251","East Carolina University","20","24","1050","1200"
"252","East Central University","17","23","930","1100"
"253","East Stroudsburg University of Pennsylvania","19","24","920","1120"
"254","East Tennessee State University","20","26","1000","1200"
"255","East Texas Baptist University","18","22","950","1130"
"256","Eastern Kentucky University","20","25","1010","1210"
"257","Eastern Mennonite University","20","28","970","1240"
"258","Eastern Michigan University","19","25","990","1210"
"259","Eastern Nazarene College","20","26","900","1180"
"260","Eastern New Mexico University Main Campus","17","23","860","1130"
"261","Eastern Oregon University","17","23","910","1120"
"262","Eastern University","19","23","1010","1210"
"263","Eastern Washington University","17","23","930","1150"
"264","Eckerd College","22","28","1080","1280"
"265","Edgewood College","21","25","1030","1140"
"266","Edinboro University of Pennsylvania","16","23","910","1140"
"267","Edward Waters College","15","18","810","990"
"268","Elizabeth City State University","17","21","870","1030"
"269","Elizabethtown College","21","28","1070","1230"
"270","Elmhurst College","20","26","980","1240"
"271","Elon University","25","29","1170","1340"
"272","Emerson College","25","30","1190","1390"
"273","Emmanuel College","23","27","1110","1270"
"274","Emmanuel College","23","27","910","1140"
"275","Emmanuel College","18","21","1110","1270"
"276","Emmanuel College","18","21","910","1140"
"277","Emmaus Bible College","20","28","840","1010"
"278","Emory and Henry College","19","25","970","1190"
"279","Emory University","30","33","1350","1530"
"280","Emporia State University","19","25","990","1110"
"281","Erskine College and Seminary","20","26","980","1190"
"282","Eureka College","19","25","900","1280"
"283","Evangel University","20","26","990","1200"
"284","Fairleigh Dickinson University College at Florham","19","25","1010","1200"
"285","Fairleigh Dickinson University Metropolitan Campus","17","22","950","1140"
"286","Fairmont State University","18","23","900","1100"
"287","Faith Baptist Bible College and Theological Seminary","20","25","900","1360"
"288","Farmingdale State College","19","23","960","1130"
"289","Faulkner University","18","23","960","1190"
"290","Fayetteville State University","17","21","870","1030"
"291","Felician College","16","21","870","1090"
"292","Ferris State University","19","25","990","1250"
"293","Ferrum College","15","21","860","1040"
"294","Finlandia University","16","21","780","1060"
"295","Fisk University","17","22","900","1090"
"296","Fitchburg State University","18","24","970","1160"
"297","Flagler College St Augustine","22","26","1040","1220"
"298","Florida Agricultural and Mechanical University","19","24","980","1150"
"299","Florida Atlantic University","20","25","1030","1210"
"300","Florida College","20","26","1000","1280"
"301","Florida Gulf Coast University","22","26","1070","1220"
"302","Florida Hospital College of Health Sciences","18","22","880","1050"
"303","Florida Institute of Technology","24","29","1130","1320"
"304","Florida International University","23","27","1110","1280"
"305","Florida Southern College","24","29","1120","1300"
"306","Florida State University","25","29","1180","1340"
"307","Fordham University","27","31","1240","1420"
"308","Fort Lewis College","19","24","1020","1190"
"309","Fort Valley State University","10","19","860","1020"
"310","Framingham State University","20","25","970","1160"
"311","Francis Marion University","17","22","890","1110"
"312","Franciscan University of Steubenville","22","28","1120","1360"
"313","Franklin College","19","25","930","1150"
"314","Franklin Pierce University","17","20","950","1140"
"315","Franklin W. Olin College of Engineering","32","35","1450","1590"
"316","Freed Hardeman University","21","27","1000","1150"
"317","Fresno Pacific University","18","24","930","1130"
"318","Friends University","19","24","930","1090"
"319","Frostburg State University","18","24","940","1140"
"320","Gainesville State College","17","23","930","1160"
"321","Gallaudet University","14","20","790","1140"
"322","Gannon University","20","26","1000","1200"
"323","Gardner Webb University","18","24","940","1180"
"324","Geneva College","20","29","1030","1250"
"325","George Fox University","21","27","1040","1270"
"326","George Mason University","24","29","1130","1310"
"327","George Washington University","27","32","1250","1450"
"328","Georgetown College","20","26","950","1130"
"329","Georgetown University","30","34","1380","1540"
"330","Georgia College & State University","22","26","1110","1290"
"331","Georgia Institute of Technology Main Campus","30","34","1380","1530"
"332","Georgia Southern University","22","26","1110","1260"
"333","Georgia Southwestern State University","19","23","950","1130"
"334","Georgia State University","20","26","1040","1250"
"335","Georgian Court University","17","23","930","1120"
"336","Glenville State College","16","22","840","1030"
"337","Gonzaga University","25","30","1180","1360"
"338","Gordon College","22","29","970","1280"
"339","Gordon College","22","29","840","1050"
"340","Gordon College","15","20","970","1280"
"341","Gordon College","15","20","840","1050"
"342","Goshen College","22","29","950","1260"
"343","Grace College and Theological Seminary","21","27","1010","1240"
"344","Grace University","17","25","810","1190"
"345","Graceland University Lamoni","18","24","890","1100"
"346","Grambling State University","16","20","890","1050"
"347","Grand Valley State University","21","26","1020","1230"
"348","Grand View University","18","23","930","1140"
"349","Greensboro College","17","23","880","1090"
"350","Greenville College","18","25","920","1150"
"351","Grinnell College","30","33","1380","1550"
"352","Gwynedd Mercy College","16","23","920","1110"
"353","Hamilton College","31","33","1360","1510"
"354","Hamline University","21","27","1040","1300"
"355","Hampden Sydney College","21","28","1090","1310"
"356","Hampton University","19","24","940","1120"
"357","Hanover College","22","27","1020","1220"
"358","Hardin Simmons University","19","24","1000","1210"
"359","Harding University","22","28","1060","1290"
"360","Hartwick College","19","25","980","1160"
"361","Harvard University","32","35","1480","1600"
"362","Harvey Mudd College","32","35","1470","1590"
"363","Hastings College","20","26","970","1090"
"364","Haverford College","31","34","1380","1540"
"365","Hebrew Theological College","20","27","1010","1280"
"366","Heidelberg University","19","25","930","1150"
"367","Henderson State University","19","25","1100","1110"
"368","Hendrix College","26","32","1170","1420"
"369","Hillsdale Free Will Baptist College","17","22","900","1000"
"370","Hiram College","19","25","940","1120"
"371","Hiwassee College","17","20","920","1050"
"372","Hobart William Smith Colleges","26","30","1230","1410"
"373","Hofstra University","24","29","1140","1320"
"374","Hollins University","23","29","1100","1300"
"375","Holy Cross College","19","29","930","1240"
"376","Holy Names University","16","19","900","1070"
"377","Hope College","23","29","1080","1330"
"378","Hope International University","18","23","900","1120"
"379","Houghton College","21","28","1040","1310"
"380","Houston Baptist University","21","26","1020","1210"
"381","Howard Payne University","18","22","930","1130"
"382","Howard University","22","28","1120","1310"
"383","Humboldt State University","18","24","950","1160"
"384","Huntingdon College","19","24","920","1120"
"385","Huntington University","18","25","980","1220"
"386","Husson University","17","21","940","1160"
"387","Huston Tillotson University","13","18","780","1000"
"388","Illinois Institute of Technology","26","31","1200","1420"
"389","Illinois Wesleyan University","25","29","1200","1450"
"390","Immaculata University","18","23","940","1150"
"391","Indiana Institute of Technology","17","24","880","1120"
"392","Indiana State University","16","22","870","1100"
"393","Indiana University Bloomington","24","30","1130","1350"
"394","Indiana University East","18","23","910","1120"
"395","Indiana University Kokomo","18","23","910","1110"
"396","Indiana University Northwest","18","23","900","1090"
"397","Indiana University of Pennsylvania Main Campus","17","23","920","1130"
"398","Indiana University Purdue University Fort Wayne","18","24","940","1150"
"399","Indiana University Purdue University Indianapolis","19","26","970","1200"
"400","Indiana University South Bend","18","23","920","1130"
"401","Indiana University Southeast","17","23","910","1120"
"402","Indiana Wesleyan University","21","27","1000","1240"
"403","Iona College","20","25","970","1170"
"404","Iowa State University","22","28","1060","1330"
"405","Iowa Wesleyan College","17","21","930","1150"
"406","Jackson State University","17","21","900","1130"
"407","Jacksonville State University","20","26","950","1190"
"408","James Madison University","22","27","1110","1290"
"409","Jamestown College","20","25","970","1210"
"410","Jewish Theological Seminary of America","28","32","1350","1460"
"411","John Brown University","23","29","1100","1310"
"412","John Carroll University","22","27","1070","1270"
"413","John Paul the Great Catholic University","22","28","990","1270"
"414","Johns Hopkins University","32","34","1450","1580"
"415","Johnson C Smith University","15","19","830","1000"
"416","Johnson State College","15","23","860","1130"
"417","Johnson University","18","25","1060","1290"
"418","Johnson University Florida","18","23","940","1160"
"419","Judson College","19","24","1180","1180"
"420","Judson University","19","24","990","1300"
"421","Kansas City Art Institute","21","25","1020","1300"
"422","Kansas Wesleyan University","19","24","950","1170"
"423","Kean University","17","22","910","1090"
"424","Keene State College","18","24","960","1140"
"425","Kennesaw State University","21","24","1070","1250"
"426","Kent State University at Kent","21","25","1030","1230"
"427","Kentucky Christian University","18","23","890","1120"
"428","Kentucky State University","17","21","830","1020"
"429","Kentucky Wesleyan College","18","24","950","1210"
"430","Kenyon College","29","33","1300","1480"
"431","Kettering University","25","29","1190","1400"
"432","Keuka College","18","23","920","1130"
"433","Keystone College","16","21","860","1050"
"434","King's University","22","27","1020","1170"
"435","Kutztown University of Pennsylvania","18","22","960","1150"
"436","Kuyper College","19","28","980","1170"
"437","La Roche College","17","23","890","1100"
"438","La Salle University","19","25","950","1150"
"439","La Sierra University","16","22","860","1110"
"440","Lafayette College","27","31","1270","1440"
"441","LaGrange College","20","24","1010","1160"
"442","Lake Erie College","18","22","920","1100"
"443","Lake Superior State University","20","25","940","1130"
"444","Lakeland College","16","22","890","1080"
"445","Lamar University","18","23","940","1130"
"446","Lancaster Bible College","19","25","980","1190"
"447","Lander University","17","23","960","1160"
"448","Lasell College","19","22","950","1130"
"449","Laurel University","15","24","820","1320"
"450","Lawrence Technological University","22","29","1120","1320"
"451","Lawrence University","26","31","1210","1450"
"452","Le Moyne College","22","28","1080","1280"
"453","Lebanon Valley College","21","28","1050","1290"
"454","Lee University","21","28","1000","1250"
"455","Lehigh University","29","32","1300","1470"
"456","Lesley University","21","26","1040","1230"
"457","LeTourneau University","22","28","1110","1340"
"458","Lewis & Clark College","27","31","1260","1420"
"459","Lewis Clark State College","18","23","900","1110"
"460","Lewis University","21","26","1060","1280"
"461","Liberty University","21","28","1030","1260"
"462","Life Pacific College","16","21","880","1050"
"463","Life University","17","22","910","1100"
"464","LIM College","18","23","920","1090"
"465","Limestone College","19","23","1020","1170"
"466","Lincoln Christian University","19","24","950","1080"
"467","Lincoln College","15","19","710","890"
"468","Lincoln Memorial University","19","24","970","1180"
"469","Lincoln University of Pennsylvania","15","19","840","1000"
"470","Lindenwood University","20","25","1000","1200"
"471","Linfield College McMinnville Campus","20","24","1000","1220"
"472","Lipscomb University","22","28","1070","1330"
"473","Livingstone College","13","17","740","890"
"474","Lock Haven University","17","23","930","1120"
"475","Long Island University C W Post Campus","21","26","1050","1230"
"476","Longwood University","18","23","950","1140"
"477","Loras College","20","25","1020","1310"
"478","Louisburg College","14","18","790","1010"
"479","Louisiana College","18","23","950","1130"
"480","Louisiana State University Alexandria","18","23","850","1190"
"481","Louisiana State University and Agricultural & Mechanical College","23","28","1090","1310"
"482","Louisiana State University Shreveport","20","25","990","1150"
"483","Louisiana Tech University","21","27","1060","1270"
"484","Lourdes University","18","24","940","1170"
"485","Loyola Marymount University","26","30","1190","1390"
"486","Loyola University Chicago","24","29","1110","1320"
"487","Loyola University New Orleans","23","29","1100","1310"
"488","Lubbock Christian University","19","25","980","1260"
"489","Luther College","23","28","1010","1260"
"490","Lycoming College","20","25","1020","1190"
"491","Lynchburg College","19","25","1000","1190"
"492","Lyndon State College","15","23","920","1130"
"493","Lynn University","19","24","950","1130"
"494","Lyon College","22","26","1030","1190"
"495","Macalester College","29","33","1320","1520"
"496","MacMurray College","18","22","930","1020"
"497","Macon State College","16","20","890","1100"
"498","Maine Maritime Academy","21","25","1010","1210"
"499","Malone University","19","25","910","1130"
"500","Manchester University","18","30","950","1160"
"501","Manhattan Christian College","19","25","970","1060"
"502","Manhattan College","23","28","1080","1280"
"503","Mansfield University of Pennsylvania","18","24","940","1130"
"504","Marian University","17","23","980","1210"
"505","Marian University","19","25","980","1210"
"506","Marietta College","21","26","1030","1300"
"507","Marion Military Institute","19","26","1060","1280"
"508","Marquette University","24","29","1120","1330"
"509","Mars Hill University","17","22","920","1120"
"510","Marshall University","19","24","960","1210"
"511","Martin Luther College","21","27","1150","1430"
"512","Mary Baldwin College","18","25","940","1150"
"513","Marygrove College","15","20","910","1100"
"514","Maryland Institute College of Art","22","28","1100","1350"
"515","Marymount Manhattan College","22","27","1010","1240"
"516","Marymount University","18","23","940","1150"
"517","Maryville College","21","27","960","1210"
"518","Maryville University of Saint Louis","22","27","980","1220"
"519","Massachusetts College of Art and Design","21","26","1050","1230"
"520","Massachusetts College of Liberal Arts","20","25","970","1200"
"521","Massachusetts College of Pharmacy and Health Sciences","21","27","1030","1250"
"522","Massachusetts Institute of Technology","33","35","1500","1590"
"523","Massachusetts Maritime Academy","20","26","1030","1220"
"524","Mayville State University","18","23","780","1000"
"525","McDaniel College","21","28","1060","1280"
"526","McKendree University","20","24","930","1180"
"527","McMurry University","18","22","900","1110"
"528","McNeese State University","20","24","970","1180"
"529","McPherson College","19","24","980","1200"
"530","Medaille College","19","23","860","1070"
"531","Memphis College of Art","18","22","950","1230"
"532","Menlo College","18","26","950","1200"
"533","Mercer University","25","29","1170","1350"
"534","Meredith College","21","26","1000","1190"
"535","Messiah College","22","29","1100","1330"
"536","Methodist University","17","23","920","1150"
"537","Metropolitan State College of Denver","17","23","960","1170"
"538","Miami University","26","31","1200","1410"
"539","Michigan State University","24","29","1070","1320"
"540","Michigan Technological University","25","30","1140","1400"
"541","Mid Atlantic Christian University","17","21","980","1040"
"542","Mid Continent University","15","24","830","1080"
"543","MidAmerica Nazarene University","18","25","870","1060"
"544","Middle Tennessee State University","19","25","1030","1230"
"545","Middlebury College","30","33","1340","1530"
"546","Midland University","19","24","920","1130"
"547","Midway College","18","23","800","950"
"548","Midwestern Baptist Theological Seminary","19","25","1070","1250"
"549","Midwestern State University","18","23","950","1150"
"550","Millersville University of Pennsylvania","19","25","1010","1200"
"551","Milligan College","22","26","1020","1270"
"552","Millikin University","19","26","990","1150"
"553","Mills College","23","29","1000","1300"
"554","Millsaps College","23","28","1120","1310"
"555","Milwaukee School of Engineering","25","30","1230","1400"
"556","Minneapolis College of Art and Design","20","26","1020","1260"
"557","Minnesota State University Mankato","20","24","970","1170"
"558","Minnesota State University Moorhead","20","25","990","1190"
"559","Minot State University","18","23","1000","1160"
"560","Misericordia University","22","26","1030","1210"
"561","Mississippi College","21","28","1020","1310"
"562","Mississippi University for Women","18","24","1090","1220"
"563","Missouri Baptist University","18","23","900","1130"
"564","Missouri State University Springfield","21","26","1030","1300"
"565","Missouri University of Science and Technology","25","31","1250","1430"
"566","Molloy College","21","26","1060","1240"
"567","Monmouth College","19","26","940","1160"
"568","Monmouth University","21","25","1010","1190"
"569","Montana State University","21","28","1090","1310"
"570","Montana State University Northern","16","22","920","1050"
"571","Montana Tech of the University of Montana","22","26","1110","1250"
"572","Montreat College","18","23","930","1130"
"573","Moravian College and Moravian Theological Seminary","21","25","980","1190"
"574","Morehead State University","20","26","920","1130"
"575","Morehouse College","19","24","940","1160"
"576","Morgan State University","16","20","890","1070"
"577","Morrisville State College","17","22","850","1060"
"578","Mount Aloysius College","18","21","950","1110"
"579","Mount Olive College","17","22","1100","1220"
"580","Mount Saint Mary College","20","24","970","1140"
"581","Mount St Mary's University","19","24","1020","1230"
"582","Mount St. Mary's College","17","22","900","1100"
"583","Mount Vernon Nazarene University","20","25","1000","1250"
"584","Muhlenberg College","26","30","1200","1380"
"585","Murray State University","21","27","1020","1230"
"586","Muskingum University","19","24","960","1190"
"587","Nebraska Wesleyan University","21","27","1030","1300"
"588","Neumann University","17","19","880","1060"
"589","New College of Florida","26","31","1210","1410"
"590","New Jersey Institute of Technology","23","29","1180","1370"
"591","New Mexico Institute of Mining and Technology","23","29","1180","1410"
"592","New Mexico Military Institute","16","23","860","1140"
"593","New Mexico State University Main Campus","18","24","900","1140"
"594","New York Institute of Technology","22","27","1030","1250"
"595","New York School of Interior Design","17","18","970","1150"
"596","New York University","29","33","1310","1510"
"597","Newberry College","17","23","910","1120"
"598","Newman University","20","27","950","1120"
"599","Niagara University","21","25","1010","1200"
"600","Nicholls State University","20","24","1030","1210"
"601","Norfolk State University","16","20","720","940"
"602","North Carolina A & T State University","18","22","930","1090"
"603","North Carolina Central University","17","19","890","1020"
"604","North Carolina State University at Raleigh","26","31","1240","1410"
"605","North Carolina Wesleyan College","16","23","860","1110"
"606","North Central College","22","27","1060","1240"
"607","North Central University","19","25","980","1210"
"608","North Dakota State University Main Campus","21","26","1080","1340"
"609","North Georgia College & State University","21","26","1090","1270"
"610","North Greenville University","20","29","990","1370"
"611","North Park University","18","24","950","1230"
"612","Northeastern Illinois University","16","20","900","1010"
"613","Northeastern State University","19","24","950","1160"
"614","Northeastern University","31","34","1390","1540"
"615","Northern Illinois University","19","25","980","1190"
"616","Northern Kentucky University","20","26","960","1230"
"617","Northern Michigan University","19","25","850","1020"
"618","Northern State University","17","24","950","1130"
"619","Northwest Christian University","17","24","940","1150"
"620","Northwest Missouri State University","20","25","960","1180"
"621","Northwest Nazarene University","21","27","1080","1310"
"622","Northwest University","20","26","1020","1250"
"623","Northwestern College","21","28","1000","1240"
"624","Northwestern College","21","28","1040","1300"
"625","Northwestern College","21","27","1000","1240"
"626","Northwestern College","21","27","1040","1300"
"627","Northwestern State University of Louisiana","19","24","960","1170"
"628","Northwestern University","32","34","1450","1570"
"629","Northwood University Florida","17","23","900","1090"
"630","Northwood University Michigan","20","24","960","1180"
"631","Notre Dame College","18","22","900","1080"
"632","Notre Dame de Namur University","17","22","880","1100"
"633","Notre Dame of Maryland University","21","27","1040","1210"
"634","Nova Southeastern University","22","28","1080","1290"
"635","Nyack College","18","25","860","1100"
"636","Oak Hills Christian College","16","21","770","940"
"637","Oakland City University","18","24","940","1140"
"638","Oakland University","20","27","890","1180"
"639","Oakwood University","16","21","840","1090"
"640","Oberlin College","29","33","1310","1490"
"641","Occidental College","28","31","1270","1470"
"642","Oglethorpe University","22","27","1100","1300"
"643","Ohio Dominican University","19","24","950","1120"
"644","Ohio Northern University","23","28","1110","1310"
"645","Ohio State University","27","31","1230","1460"
"646","Ohio University Main Campus","21","26","1070","1270"
"647","Ohio Valley University","18","23","930","1130"
"648","Oklahoma Baptist University","20","26","1000","1230"
"649","Oklahoma Christian University","21","28","1020","1290"
"650","Oklahoma City University","22","29","1070","1300"
"651","Oklahoma State University Main Campus","21","27","1050","1270"
"652","Oklahoma Wesleyan University","18","23","910","1170"
"653","Old Dominion University","18","25","970","1200"
"654","Olivet College","18","23","950","1250"
"655","Olivet Nazarene University","21","27","1020","1270"
"656","Oral Roberts University","19","24","970","1200"
"657","Oregon Institute of Technology","21","25","1000","1230"
"658","Oregon State University","22","28","1070","1310"
"659","Otterbein University","21","27","1090","1290"
"660","Ouachita Baptist University","21","28","1030","1270"
"661","Our Lady of the Lake University San Antonio","18","22","910","1090"
"662","Ozark Christian College","19","26","990","1200"
"663","Pace University New York","21","27","1020","1230"
"664","Pacific Lutheran University","22","28","1060","1300"
"665","Pacific Union College","17","25","940","1180"
"666","Pacific University","22","27","1090","1300"
"667","Paine College","14","17","720","910"
"668","Palm Beach Atlantic University West Palm Beach","21","27","1010","1240"
"669","Paul Quinn College","12","25","680","1110"
"670","Penn State Abington","20","27","950","1200"
"671","Penn State Altoona","20","24","980","1180"
"672","Penn State Beaver","20","25","960","1240"
"673","Penn State Berks","19","24","950","1180"
"674","Penn State Brandywine","18","25","940","1150"
"675","Penn State Erie Behrend College","21","27","1050","1280"
"676","Penn State Fayette  Eberly Campus","17","24","920","1150"
"677","Penn State Greater Allegheny","18","25","930","1190"
"678","Penn State Harrisburg","22","27","1010","1280"
"679","Penn State Hazleton","20","28","960","1220"
"680","Penn State Lehigh Valley","22","28","980","1250"
"681","Penn State Main Campus","25","29","1160","1360"
"682","Penn State Mont Alto","20","26","930","1170"
"683","Penn State New Kensington","18","25","1010","1200"
"684","Penn State Schuylkill","15","24","900","1130"
"685","Penn State Shenango","19","29","920","1120"
"686","Penn State Wilkes Barre","18","20","980","1160"
"687","Penn State Worthington Scranton","15","23","920","1140"
"688","Penn State York","17","25","1000","1280"
"689","Pepperdine University","26","31","1180","1390"
"690","Pfeiffer University","17","22","890","1100"
"691","Philadelphia Biblical University Langhorne","20","24","970","1230"
"692","Philadelphia University","20","26","1040","1200"
"693","Piedmont College","19","24","940","1160"
"694","Piedmont International University","15","23","770","1230"
"695","Point Loma Nazarene University","23","28","1110","1310"
"696","Point Park University","19","26","970","1180"
"697","Point University","17","22","890","1090"
"698","Polytechnic Institute of New York University","28","32","1250","1440"
"699","Pomona College","31","34","1400","1560"
"700","Portland State University","19","25","1010","1230"
"701","Post University","15","23","860","1080"
"702","Prairie View A & M University","15","19","840","1020"
"703","Pratt Institute Main","24","30","1120","1350"
"704","Presbyterian College","21","28","1080","1280"
"705","Prescott College","21","28","1000","1270"
"706","Presentation College","18","22","900","1100"
"707","Princeton University","32","35","1450","1590"
"708","Providence College","23","28","1110","1310"
"709","Purdue University Calumet Campus","18","24","940","1140"
"710","Purdue University Main Campus","25","31","1140","1380"
"711","Purdue University North Central Campus","19","23","950","1130"
"712","Queens University of Charlotte","21","26","1020","1210"
"713","Quincy University","18","24","990","1230"
"714","Quinnipiac University","22","27","1060","1260"
"715","Ramapo College of New Jersey","21","26","1050","1260"
"716","Randolph College","20","26","980","1220"
"717","Randolph Macon College","22","26","1050","1260"
"718","Reed College","29","33","1340","1510"
"719","Regent University","19","25","1000","1220"
"720","Regis University","22","26","1030","1240"
"721","Reinhardt University","18","23","930","1140"
"722","Rensselaer Polytechnic Institute","28","32","1340","1510"
"723","Rhode Island College","16","20","870","1100"
"724","Rhode Island School of Design","24","30","1150","1400"
"725","Rhodes College","27","31","1240","1420"
"726","Rice University","32","35","1460","1580"
"727","Rider University","19","24","1000","1180"
"728","Ripon College","21","26","940","1230"
"729","Roanoke College","21","27","1050","1270"
"730","Robert Morris University","21","26","1020","1210"
"731","Roberts Wesleyan College","21","24","1040","1230"
"732","Rochester College","18","24","870","1210"
"733","Rochester Institute of Technology","26","31","1210","1390"
"734","Rockford College","19","24","1030","1280"
"735","Rockhurst University","23","28","1070","1230"
"736","Rocky Mountain College","20","24","960","1170"
"737","Roosevelt University","19","24","990","1220"
"738","Rose Hulman Institute of Technology","27","32","1270","1480"
"739","Rosemont College","16","20","890","1090"
"740","Rowan University","22","27","1100","1300"
"741","Saginaw Valley State University","20","25","980","1170"
"742","Saint Anselm College","23","28","1130","1290"
"743","Saint Bonaventure University","20","27","1010","1230"
"744","Saint Catharine College","18","22","880","1140"
"745","Saint Cloud State University","18","24","1010","1240"
"746","Saint Edward's University","22","27","1090","1270"
"747","Saint Francis University","20","27","1040","1230"
"748","Saint John Fisher College","22","26","1050","1220"
"749","Saint Johns University","22","28","1020","1210"
"750","Saint Joseph's College New York","20","25","980","1180"
"751","Saint Joseph's College of Maine","20","23","890","1100"
"752","Saint Joseph's University","23","28","1130","1300"
"753","Saint Josephs College","21","24","930","1130"
"754","Saint Leo University","20","26","980","1160"
"755","Saint Louis University Main Campus","25","31","1180","1390"
"756","Saint Martin's University","20","25","970","1220"
"757","Saint Mary of the Woods College","17","22","900","1110"
"758","Saint Mary's College","22","28","1060","1230"
"759","Saint Mary's University of Minnesota","20","26","980","1180"
"760","Saint Marys College of California","22","28","1030","1230"
"761","Saint Norbert College","22","27","1040","1300"
"762","Saint Peter's College","16","23","910","1110"
"763","Saint Thomas Aquinas College","17","22","910","1130"
"764","Saint Thomas University","17","21","920","1130"
"765","Saint Vincent College","20","26","1020","1230"
"766","Saint Xavier University","19","24","950","1110"
"767","Salem College","22","27","1030","1270"
"768","Salem State University","19","25","970","1160"
"769","Sam Houston State University","19","24","950","1140"
"770","Samford University","23","29","1100","1310"
"771","San Diego Christian College","17","21","940","1130"
"772","San Diego State University","23","28","1080","1290"
"773","San Diego State University Imperial Valley Campus","16","21","850","1060"
"774","San Francisco State University","18","24","940","1160"
"775","San Jose State University","20","25","1000","1220"
"776","Santa Clara University","28","32","1270","1450"
"777","Sarah Lawrence College","27","31","1240","1450"
"778","Savannah College of Art and Design","21","27","1030","1260"
"779","Savannah State University","16","18","840","960"
"780","School of the Art Institute of Chicago","22","27","1100","1310"
"781","School of Visual Arts","21","26","1010","1300"
"782","Schreiner University","19","24","980","1150"
"783","Scripps College","28","32","1350","1480"
"784","Seattle Pacific University","21","27","1070","1300"
"785","Seattle University","25","30","1140","1350"
"786","Seton Hall University","23","27","1140","1310"
"787","Shenandoah University","19","25","960","1190"
"788","Shepherd University","19","24","950","1150"
"789","Shippensburg University of Pennsylvania","18","23","950","1140"
"790","Shorter University","18","23","910","1140"
"791","Sierra Nevada College","18","22","930","1130"
"792","Simmons College","24","29","1150","1320"
"793","Simpson College","21","27","1000","1300"
"794","Simpson University","18","24","940","1180"
"795","Skidmore College","26","30","1190","1390"
"796","Slippery Rock University of Pennsylvania","19","23","990","1160"
"797","Soka University of America","26","30","1140","1420"
"798","Sonoma State University","19","24","960","1150"
"799","South Carolina State University","14","17","770","950"
"800","South Dakota School of Mines and Technology","24","29","1120","1350"
"801","South Dakota State University","20","26","970","1230"
"802","Southeast Missouri State University","20","25","960","1200"
"803","Southeastern University","18","24","920","1160"
"804","Southern Arkansas University Main Campus","18","24","910","1150"
"805","Southern Connecticut State University","18","23","910","1110"
"806","Southern Illinois University Carbondale","19","25","960","1200"
"807","Southern Illinois University Edwardsville","20","26","980","1130"
"808","Southern Methodist University","28","32","1290","1460"
"809","Southern Oregon University","19","25","980","1200"
"810","Southern Polytechnic State University","22","26","1110","1300"
"811","Southern University and A & M College","20","27","930","1160"
"812","Southern Utah University","20","26","970","1220"
"813","Southern Vermont College","14","21","860","1070"
"814","Southern Virginia University","16","26","1010","1210"
"815","Southwest Baptist University","19","25","940","1170"
"816","Southwest Minnesota State University","18","23","850","1150"
"817","Southwestern Adventist University","17","23","900","1090"
"818","Southwestern Assemblies of God University","19","25","880","1110"
"819","Southwestern Christian University","17","21","790","1100"
"820","Southwestern College","18","23","900","1100"
"821","Southwestern University","23","28","1130","1340"
"822","Spalding University","18","23","960","1180"
"823","Spartanburg Methodist College","16","20","850","1030"
"824","Spelman College","22","26","1060","1240"
"825","Spring Arbor University","19","25","920","1260"
"826","Spring Hill College","22","27","1080","1260"
"827","Springfield College","24","28","980","1190"
"828","St Catherine University","19","25","1060","1250"
"829","St John's College","27","33","1250","1480"
"830","St John's University New York","22","28","1050","1250"
"831","St Louis College of Pharmacy","24","28","1190","1320"
"832","St Mary's College of Maryland","23","29","1080","1310"
"833","St Olaf College","26","31","1190","1450"
"834","St. Andrews University","16","21","950","1050"
"835","St. Francis College","18","24","910","1110"
"836","St. Mary's University","19","25","1030","1200"
"837","Stanford University","31","35","1430","1590"
"838","State University of New York at New Paltz","23","27","1090","1270"
"839","Stephen F Austin State University","19","24","950","1160"
"840","Stephens College","20","25","980","1260"
"841","Sterling College","18","23","960","1110"
"842","Stevens Institute of Technology","29","33","1320","1480"
"843","Stevenson University","19","25","990","1200"
"844","Stillman College","14","17","830","990"
"845","Stony Brook University","26","31","1220","1420"
"846","Suffolk University","20","25","990","1190"
"847","Sul Ross State University","16","20","820","1030"
"848","SUNY at Albany","22","26","1070","1240"
"849","SUNY at Binghamton","28","31","1300","1450"
"850","SUNY at Fredonia","22","27","980","1190"
"851","SUNY at Geneseo","25","29","1160","1360"
"852","SUNY at Purchase College","20","27","1050","1250"
"853","SUNY College at Brockport","20","25","1000","1190"
"854","SUNY College at Buffalo","17","22","860","1060"
"855","SUNY College at Cortland","22","25","1070","1210"
"856","SUNY College at Old Westbury","19","24","960","1130"
"857","SUNY College at Oneonta","22","26","1060","1230"
"858","SUNY College at Oswego","22","27","1090","1250"
"859","SUNY College at Plattsburgh","21","25","1070","1280"
"860","SUNY College of Agriculture and Technology at Cobleskill","20","24","990","1170"
"861","SUNY College of Environmental Science and Forestry","23","27","1140","1320"
"862","SUNY College of Technology at Alfred","19","24","910","1130"
"863","SUNY College of Technology at Canton","17","22","880","1110"
"864","SUNY Institute of Technology at Utica Rome","24","29","1070","1390"
"865","SUNY Maritime College","23","27","1110","1280"
"866","Swarthmore College","30","34","1360","1550"
"867","Sweet Briar College","18","27","960","1250"
"868","Syracuse University","25","29","1160","1350"
"869","Tabor College","18","24","910","1090"
"870","Tarleton State University","18","23","930","1130"
"871","Taylor University","22","29","1030","1310"
"872","Tennessee Technological University","21","27","1040","1260"
"873","Tennessee Wesleyan College","19","25","930","1140"
"874","Texas A & M International University","16","21","900","1100"
"875","Texas A & M University College Station","24","30","1140","1370"
"876","Texas A & M University Commerce","18","23","950","1150"
"877","Texas A & M University Corpus Christi","17","23","930","1130"
"878","Texas A & M University Galveston","22","26","1100","1270"
"879","Texas A & M University Kingsville","17","23","930","1130"
"880","Texas A & M University Texarkana","20","22","1060","1210"
"881","Texas Christian University","25","30","1140","1340"
"882","Texas Lutheran University","18","23","960","1140"
"883","Texas Southern University","15","19","810","980"
"884","Texas State University","20","25","1010","1190"
"885","Texas Tech University","22","27","1100","1270"
"886","Texas Wesleyan University","19","23","1000","1140"
"887","Texas Woman's University","17","23","910","1130"
"888","The Baptist College of Florida","17","22","910","950"
"889","The Christ College of Nursing and Health Sciences","20","23","1030","1080"
"890","The College of New Jersey","25","30","1170","1360"
"891","The College of New Rochelle","19","23","920","1100"
"892","The College of Saint Scholastica","21","26","970","1190"
"893","The College of Wooster","24","30","1140","1410"
"894","The Evergreen State College","20","26","1000","1250"
"895","The King?s College","24","28","1150","1330"
"896","The Master's College and Seminary","21","28","1030","1280"
"897","The New School","23","28","1110","1340"
"898","The Richard Stockton College of New Jersey","19","24","1040","1230"
"899","The University of Alabama","23","31","1060","1300"
"900","The University of Findlay","20","25","1020","1120"
"901","The University of Montana","20","26","1030","1270"
"902","The University of Tampa","22","27","1070","1230"
"903","The University of Tennessee","24","30","1120","1310"
"904","The University of Tennessee at Chattanooga","21","26","1000","1260"
"905","The University of Tennessee Martin","20","25","1060","1240"
"906","The University of Texas at Arlington","20","26","1030","1260"
"907","The University of Texas at Austin","26","32","1210","1460"
"908","The University of Texas at Dallas","25","31","1210","1430"
"909","The University of Texas at El Paso","17","22","900","1110"
"910","The University of Texas at San Antonio","20","25","1000","1200"
"911","The University of Texas at Tyler","20","25","1030","1220"
"912","The University of Texas of the Permian Basin","18","22","930","1130"
"913","The University of Texas Pan American","18","22","930","1130"
"914","The University of the Arts","19","27","990","1210"
"915","The University of Virginia's College at Wise","18","23","930","1140"
"916","The University of West Florida","21","26","1030","1200"
"917","Thiel College","16","23","880","1130"
"918","Thomas Aquinas College","25","30","1210","1420"
"919","Thomas More College","20","24","950","1200"
"920","Toccoa Falls College","18","23","910","1150"
"921","Tougaloo College","16","24","930","1250"
"922","Towson University","21","25","1060","1230"
"923","Trevecca Nazarene University","19","25","1010","1210"
"924","Trine University","20","27","1020","1270"
"925","Trinity Baptist College","16","20","850","1080"
"926","Trinity Bible College","17","22","740","1130"
"927","Trinity Christian College","20","27","950","1290"
"928","Trinity College of Florida","15","19","800","1030"
"929","Trinity International University","20","27","960","1260"
"930","Trinity University","27","31","1230","1420"
"931","Troy University","18","24","1010","1230"
"932","Truett McConnell College","18","22","940","1130"
"933","Truman State University","24","30","1140","1390"
"934","Tufts University","31","34","1420","1540"
"935","Tulane University of Louisiana","29","32","1310","1460"
"936","Tusculum College","18","23","920","1120"
"937","Tuskegee University","21","22","970","1180"
"938","Union College","18","26","960","1250"
"939","Union College","18","22","960","1250"
"940","Union University","23","30","1100","1360"
"941","United States Air Force Academy","29","32","1300","1450"
"942","United States Coast Guard Academy","26","31","1250","1410"
"943","United States Military Academy","26","31","1250","1440"
"944","University at Buffalo","24","29","1140","1330"
"945","University of Akron Main Campus","19","26","990","1250"
"946","University of Alabama at Birmingham","21","28","1050","1360"
"947","University of Alabama at Huntsville","25","31","1130","1400"
"948","University of Alaska Fairbanks","19","26","1030","1270"
"949","University of Arkansas","23","29","1090","1290"
"950","University of Arkansas at Little Rock","19","25","970","1170"
"951","University of Arkansas at Pine Bluff","16","21","920","1140"
"952","University of Arkansas Community College Morrilton","18","22","850","1050"
"953","University of Baltimore","20","21","890","1110"
"954","University of Bridgeport","18","23","920","1090"
"955","University of California Berkeley","31","34","1330","1560"
"956","University of California Davis","25","31","1130","1390"
"957","University of California Irvine","24","30","1130","1390"
"958","University of California Los Angeles","28","33","1230","1510"
"959","University of California Merced","19","24","950","1140"
"960","University of California Riverside","21","27","1020","1260"
"961","University of California San Diego","27","33","1240","1490"
"962","University of California Santa Barbara","27","32","1190","1440"
"963","University of California Santa Cruz","25","30","1130","1350"
"964","University of Central Arkansas","20","27","950","1130"
"965","University of Central Florida","24","28","1150","1330"
"966","University of Charleston","18","24","920","1100"
"967","University of Chicago","32","35","1490","1600"
"968","University of Cincinnati Main Campus","23","28","1110","1350"
"969","University of Colorado Boulder","25","30","1140","1370"
"970","University of Colorado Colorado Springs","20","26","1020","1260"
"971","University of Colorado Denver","21","26","1040","1260"
"972","University of Connecticut","26","31","1190","1400"
"973","University of Connecticut Avery Point","19","24","970","1210"
"974","University of Connecticut Stamford","22","29","950","1170"
"975","University of Connecticut Tri Campus","21","25","950","1170"
"976","University of Dallas","23","30","1120","1350"
"977","University of Dayton","24","29","1100","1310"
"978","University of Delaware","22","29","1130","1340"
"979","University of Denver","26","31","1180","1370"
"980","University of Detroit Mercy","22","27","1040","1340"
"981","University of Dubuque","17","22","830","1080"
"982","University of Evansville","23","29","1070","1290"
"983","University of Florida","27","31","1250","1420"
"984","University of Georgia","26","31","1210","1400"
"985","University of Hartford","20","26","1000","1230"
"986","University of Hawaii at Hilo","18","24","940","1140"
"987","University of Hawaii at Manoa","20","26","1050","1260"
"988","University of Houston","23","28","1120","1310"
"989","University of Houston Downtown","17","21","900","1070"
"990","University of Idaho","21","27","1010","1240"
"991","University of Illinois at Chicago","21","27","1070","1310"
"992","University of Illinois at Springfield","20","26","960","1220"
"993","University of Illinois at Urbana Champaign","26","32","1340","1510"
"994","University of Indianapolis","20","26","970","1190"
"995","University of Iowa","23","28","1100","1380"
"996","University of Kentucky","22","29","1080","1310"
"997","University of La Verne","20","26","1010","1200"
"998","University of Louisiana at Lafayette","21","26","1020","1250"
"999","University of Louisiana Monroe","20","25","1030","1420"
"1000","University of Maine","21","26","1030","1260"
"1001","University of Maine at Fort Kent","16","22","870","1070"
"1002","University of Mary","20","26","1020","1240"
"1003","University of Mary Hardin Baylor","21","26","1000","1190"
"1004","University of Mary Washington","22","27","1090","1280"
"1005","University of Maryland Baltimore County","24","29","1190","1380"
"1006","University of Maryland College Park","29","33","1280","1470"
"1007","University of Maryland Eastern Shore","17","20","870","1030"
"1008","University of Massachusetts Amherst","25","30","1200","1390"
"1009","University of Massachusetts Boston","21","26","1040","1250"
"1010","University of Massachusetts Dartmouth","20","26","990","1200"
"1011","University of Massachusetts Lowell","24","29","1140","1320"
"1012","University of Memphis","18","25","980","1230"
"1013","University of Miami","28","32","1280","1440"
"1014","University of Michigan Ann Arbor","29","33","1370","1530"
"1015","University of Michigan Flint","19","26","1050","1250"
"1016","University of Minnesota Crookston","20","24","880","1170"
"1017","University of Minnesota Duluth","22","26","1050","1280"
"1018","University of Minnesota Morris","22","28","1100","1330"
"1019","University of Minnesota Rochester","22","27","1040","1190"
"1020","University of Minnesota Twin Cities","26","31","1250","1490"
"1021","University of Mississippi","22","29","1080","1300"
"1022","University of Missouri Columbia","23","29","1100","1350"
"1023","University of Missouri Kansas City","21","28","1060","1360"
"1024","University of Missouri St Louis","21","27","1020","1150"
"1025","University of Mobile","19","25","930","1190"
"1026","University of Montevallo","20","26","980","1270"
"1027","University of Mount Union","20","26","970","1180"
"1028","University of Nebraska at Kearney","19","25","910","1100"
"1029","University of Nebraska at Omaha","19","26","1010","1280"
"1030","University of Nebraska Lincoln","22","28","1070","1340"
"1031","University of Nevada Las Vegas","19","24","980","1200"
"1032","University of Nevada Reno","21","26","1050","1270"
"1033","University of New England","21","26","1020","1220"
"1034","University of New Hampshire at Manchester","22","26","1060","1290"
"1035","University of New Hampshire Main Campus","22","27","1070","1270"
"1036","University of New Haven","20","26","1010","1210"
"1037","University of New Mexico Main Campus","19","25","1030","1270"
"1038","University of New Orleans","20","24","1030","1300"
"1039","University of North Alabama","19","25","950","1130"
"1040","University of North Carolina at Asheville","23","28","1120","1310"
"1041","University of North Carolina at Chapel Hill","28","33","1280","1470"
"1042","University of North Carolina at Charlotte","22","26","1110","1270"
"1043","University of North Carolina at Greensboro","21","25","1030","1200"
"1044","University of North Carolina at Pembroke","18","21","920","1090"
"1045","University of North Carolina at Wilmington","22","26","1200","1320"
"1046","University of North Carolina School of the Arts","22","28","1110","1310"
"1047","University of North Dakota","21","26","1040","1260"
"1048","University of North Florida","21","26","1120","1290"
"1049","University of North Texas","21","26","1060","1270"
"1050","University of Northern Colorado","19","25","1010","1220"
"1051","University of Northern Iowa","20","25","960","1290"
"1052","University of Notre Dame","32","35","1410","1560"
"1053","University of Oklahoma Norman Campus","23","29","1130","1400"
"1054","University of Oregon","22","27","1060","1290"
"1055","University of Pennsylvania","32","35","1430","1580"
"1056","University of Pikeville","17","22","870","1080"
"1057","University of Pittsburgh Bradford","19","23","950","1160"
"1058","University of Pittsburgh Greensburg","20","25","1000","1190"
"1059","University of Pittsburgh Johnstown","20","25","990","1200"
"1060","University of Pittsburgh Pittsburgh Campus","27","32","1260","1430"
"1061","University of Pittsburgh Titusville","15","19","910","1070"
"1062","University of Redlands","22","27","1060","1260"
"1063","University of Rhode Island","22","27","1050","1240"
"1064","University of Richmond","29","32","1290","1470"
"1065","University of Saint Francis Fort Wayne","19","24","980","1160"
"1066","University of Saint Mary","19","24","950","1160"
"1067","University of San Diego","26","30","1170","1370"
"1068","University of San Francisco","23","28","1110","1310"
"1069","University of Science and Arts of Oklahoma","19","24","900","1090"
"1070","University of Scranton","23","28","1110","1290"
"1071","University of Sioux Falls","20","25","1040","1230"
"1072","University of South Alabama","20","23","1000","1200"
"1073","University of South Carolina Aiken","18","24","950","1130"
"1074","University of South Carolina Beaufort","18","24","920","1110"
"1075","University of South Carolina Columbia","25","30","1190","1360"
"1076","University of South Carolina Lancaster","15","21","830","1080"
"1077","University of South Carolina Salkehatchie","14","18","800","1000"
"1078","University of South Carolina Sumter","17","21","900","1110"
"1079","University of South Carolina Upstate","18","23","940","1120"
"1080","University of South Dakota","20","25","970","1270"
"1081","University of South Florida Main Campus","24","28","1140","1310"
"1082","University of South Florida St. Petersburg Campus","24","27","1130","1310"
"1083","University of Southern California","30","33","1340","1530"
"1084","University of Southern Indiana","19","25","970","1150"
"1085","University of Southern Maine","19","25","950","1160"
"1086","University of Southern Mississippi","20","26","1020","1260"
"1087","University of St Francis","20","26","990","1180"
"1088","University of St Thomas","21","26","1070","1240"
"1089","University of St Thomas","21","26","1130","1350"
"1090","University of St Thomas","24","29","1070","1240"
"1091","University of St Thomas","24","29","1130","1350"
"1092","University of the Cumberlands","19","25","950","1160"
"1093","University of the Incarnate Word","17","20","930","1020"
"1094","University of the Ozarks","19","24","900","1110"
"1095","University of the Pacific","23","30","1110","1360"
"1096","University of the Sciences","23","28","1140","1320"
"1097","University of the Southwest","15","21","830","1060"
"1098","University of Toledo","20","26","1000","1280"
"1099","University of Tulsa","26","33","1170","1440"
"1100","University of Utah","21","27","1130","1360"
"1101","University of Vermont","25","30","1170","1360"
"1102","University of Virginia Main Campus","29","33","1310","1500"
"1103","University of Washington Bothell Campus","20","25","990","1240"
"1104","University of Washington Seattle Campus","26","32","1190","1420"
"1105","University of Washington Tacoma Campus","17","23","940","1170"
"1106","University of West Alabama","18","23","940","1100"
"1107","University of West Georgia","18","22","950","1090"
"1108","University of Wisconsin Madison","27","31","1270","1470"
"1109","University of Wisconsin Whitewater","20","25","970","1180"
"1110","University of Wyoming","21","27","1040","1280"
"1111","Upper Iowa University","17","24","940","960"
"1112","Urbana University","17","21","900","1050"
"1113","Ursuline College","19","24","970","1180"
"1114","Utah State University","20","27","1060","1290"
"1115","Valdosta State University","19","23","970","1130"
"1116","Valley City State University","18","24","890","1030"
"1117","Valley Forge Military College","18","25","810","1110"
"1118","Valparaiso University","23","29","1070","1270"
"1119","Vanderbilt University","32","35","1470","1590"
"1120","Vanguard University of Southern California","17","24","910","1110"
"1121","Vassar College","30","33","1390","1530"
"1122","Villanova University","30","32","1290","1470"
"1123","Virginia Commonwealth University","21","27","1060","1270"
"1124","Virginia Intermont College","18","22","870","1100"
"1125","Virginia Military Institute","23","28","1130","1310"
"1126","Virginia State University","15","19","820","980"
"1127","Virginia Wesleyan College","17","24","930","1130"
"1128","Visible Music College","18","25","770","1270"
"1129","Viterbo University","20","26","900","1100"
"1130","Wabash College","23","28","1100","1300"
"1131","Waldorf College","18","23","900","1100"
"1132","Walla Walla University","20","27","1000","1280"
"1133","Walsh University","19","25","960","1180"
"1134","Warner University","17","20","880","1050"
"1135","Wartburg College","21","26","980","1140"
"1136","Washington Adventist University","14","21","810","1080"
"1137","Washington and Lee University","30","33","1380","1500"
"1138","Washington Bible College Capital Bible Seminary","15","20","920","1210"
"1139","Washington State University","20","26","1010","1230"
"1140","Washington University in St Louis","32","34","1450","1580"
"1141","Watkins College of Art Design & Film","19","23","970","1240"
"1142","Wayland Baptist University","16","22","860","1120"
"1143","Wayne State University","20","27","1060","1320"
"1144","Waynesburg University","19","25","940","1140"
"1145","Webber International University","17","20","900","1080"
"1146","Webster University","21","27","1140","1300"
"1147","Wellesley College","30","33","1370","1530"
"1148","Wells College","19","26","940","1190"
"1149","Wentworth Institute of Technology","21","28","1090","1290"
"1150","Wesley College","15","17","830","1010"
"1151","Wesleyan College","19","26","1010","1190"
"1152","West Chester University of Pennsylvania","21","25","1050","1220"
"1153","West Liberty University","18","23","910","1070"
"1154","West Texas A & M University","18","24","930","1130"
"1155","West Virginia State University","17","22","890","1090"
"1156","West Virginia University","21","26","1000","1200"
"1157","West Virginia University Institute of Technology","19","24","860","1190"
"1158","West Virginia Wesleyan College","20","25","960","1180"
"1159","Western Carolina University","20","25","990","1190"
"1160","Western Kentucky University","19","26","940","1160"
"1161","Western Michigan University","19","25","980","1190"
"1162","Western New England University","22","27","1070","1260"
"1163","Western Oregon University","17","23","920","1140"
"1164","Western State Colorado University","19","25","970","1190"
"1165","Western Washington University","23","28","1070","1290"
"1166","Westfield State University","19","24","970","1160"
"1167","Westminster College","21","26","1020","1230"
"1168","Westminster College","21","26","1080","1280"
"1169","Westminster College","21","26","930","1250"
"1170","Westminster College","20","26","1020","1230"
"1171","Westminster College","20","26","1080","1280"
"1172","Westminster College","20","26","930","1250"
"1173","Westminster College","22","27","1020","1230"
"1174","Westminster College","22","27","1080","1280"
"1175","Westminster College","22","27","930","1250"
"1176","Westmont College","23","29","1120","1340"
"1177","Wheaton College","27","32","1240","1450"
"1178","Wheeling Jesuit University","18","23","970","1130"
"1179","Wheelock College","15","22","880","1090"
"1180","Whitman College","28","32","1270","1470"
"1181","Whittier College","20","26","1000","1200"
"1182","Whitworth University","22","29","1080","1320"
"1183","Wichita State University","21","27","990","1290"
"1184","Widener University Main Campus","21","26","1010","1200"
"1185","Wilberforce University","15","19","800","1040"
"1186","Wilkes University","20","25","970","1200"
"1187","William Carey University","21","27","940","1140"
"1188","William Jessup University","19","25","980","1210"
"1189","William Jewell College","22","28","1060","1340"
"1190","William Peace University","16","22","870","1100"
"1191","William Penn University","17","21","810","970"
"1192","William Woods University","19","25","940","1190"
"1193","Williams College","31","34","1390","1560"
"1194","Wilmington College","18","23","920","1080"
"1195","Wilson College","20","26","890","1110"
"1196","Wingate University","20","25","1020","1200"
"1197","Winona State University","20","25","870","1140"
"1198","Winston Salem State University","17","19","880","1020"
"1199","Winthrop University","20","25","990","1200"
"1200","Wisconsin Lutheran College","21","27","1100","1310"
"1201","Wofford College","24","29","1130","1330"
"1202","Woodbury University","19","28","940","1190"
"1203","Worcester State University","21","26","990","1180"
"1204","Wright State University Lake Campus","19","24","930","1070"
"1205","Wright State University Main Campus","18","25","1010","1280"
"1206","Xavier University","23","28","1090","1260"
"1207","Xavier University of Louisiana","20","26","980","1180"
"1208","Yale University","32","35","1470","1600"
"1209","Yeshiva University","23","30","1160","1420"
"1210","York College","17","23","890","1050"
"1211","York College Pennsylvania","20","25","1020","1210"
"1212","Young Harris College","18","25","960","1190"
"1213","Youngstown State University","18","25","930","1160"
